﻿<?xml version="1.0" encoding="utf-8"?>
<DisplayDriverUninstaller Version="18.0.9.1">
	<LogEntries>
		<Event>
			<Time>2/13/2025 1:02:28 AM</Time>
			<Message>The following paths are detected.</Message>
			<Values Separator=" = ">
				<KvP>
					<Key>[Found] AppExeFile</Key>
					<Value>D:\merciless\Op2. Display Driver Uninstaller\DDU v18.0.9.1\Display Driver Uninstaller.exe</Value>
				</KvP>
				<KvP>
					<Key>[Found] AppBase</Key>
					<Value>D:\merciless\Op2. Display Driver Uninstaller\DDU v18.0.9.1\</Value>
				</KvP>
				<KvP>
					<Key>[Found] Settings</Key>
					<Value>D:\merciless\Op2. Display Driver Uninstaller\DDU v18.0.9.1\Settings\</Value>
				</KvP>
				<KvP>
					<Key>[Found] Logs</Key>
					<Value>D:\merciless\Op2. Display Driver Uninstaller\DDU v18.0.9.1\DDU Logs\</Value>
				</KvP>
				<KvP>
					<Key>[Found] Language</Key>
					<Value>D:\merciless\Op2. Display Driver Uninstaller\DDU v18.0.9.1\Settings\Languages\</Value>
				</KvP>
				<KvP />
				<KvP>
					<Key>[Found] ProgramFiles</Key>
					<Value>C:\Program Files\</Value>
				</KvP>
				<KvP>
					<Key>[Found] ProgramFilesx86</Key>
					<Value>C:\Program Files (x86)\</Value>
				</KvP>
				<KvP />
				<KvP>
					<Key>[Found] Roaming</Key>
					<Value>C:\ProgramData\</Value>
				</KvP>
				<KvP>
					<Key>[Not found] AppBaseRoaming</Key>
					<Value>C:\ProgramData\DisplayDriverUninstaller\</Value>
				</KvP>
				<KvP />
				<KvP>
					<Key>[Found] SystemDrive</Key>
					<Value>C:\</Value>
				</KvP>
				<KvP>
					<Key>[Found] WinDir</Key>
					<Value>C:\Windows\</Value>
				</KvP>
				<KvP>
					<Key>[Found] UserPath</Key>
					<Value>C:\Users\</Value>
				</KvP>
				<KvP>
					<Key>[Found] System32</Key>
					<Value>C:\Windows\system32\</Value>
				</KvP>
				<KvP>
					<Key>[Found] SysWOW64</Key>
					<Value>C:\Windows\SysWOW64\</Value>
				</KvP>
			</Values>
		</Event>
		<Event>
			<Time>2/13/2025 1:02:41 AM</Time>
			<Message>System Information</Message>
			<Values Separator=" : ">
				<KvP>
					<Key>DDU Version</Key>
					<Value>18.0.9.1</Value>
				</KvP>
				<KvP>
					<Key>OS</Key>
					<Value>Windows 10</Value>
				</KvP>
				<KvP>
					<Key>Win 10 1809+ ?</Key>
					<Value>True</Value>
				</KvP>
				<KvP>
					<Key>Architecture</Key>
					<Value>x64</Value>
				</KvP>
				<KvP>
					<Key>UserRights</Key>
					<Value>Admin</Value>
				</KvP>
				<KvP>
					<Key>Arguments</Key>
					<Value>&lt;empty&gt;</Value>
				</KvP>
				<KvP />
				<KvP>
					<Key>GPU #0000</Key>
					<Value>Microsoft Basic Display Adapter</Value>
				</KvP>
				<KvP>
					<Key>GPU DeviceID</Key>
					<Value>PCI\CC_0300</Value>
				</KvP>
				<KvP>
					<Key>Vbios</Key>
					<Value>Oracle VM.VirtualBox.VBE.Adapte</Value>
				</KvP>
				<KvP>
					<Key>Detected Driver(s) Version(s)</Key>
					<Value>10.0.19041.3636</Value>
				</KvP>
				<KvP>
					<Key>INF name</Key>
					<Value>display.inf</Value>
				</KvP>
				<KvP>
					<Key>INF section</Key>
					<Value>MSBDA</Value>
				</KvP>
				<KvP />
				<KvP>
					<Key>GPU #0001</Key>
					<Value>Microsoft Basic Display Adapter</Value>
				</KvP>
				<KvP>
					<Key>GPU DeviceID</Key>
					<Value>PCI\CC_0300</Value>
				</KvP>
				<KvP>
					<Key>Vbios</Key>
					<Value>GF106B Board.0-.14280020</Value>
				</KvP>
				<KvP>
					<Key>Detected Driver(s) Version(s)</Key>
					<Value>10.0.19041.3636</Value>
				</KvP>
				<KvP>
					<Key>INF name</Key>
					<Value>display.inf</Value>
				</KvP>
				<KvP>
					<Key>INF section</Key>
					<Value>MSBDA</Value>
				</KvP>
				<KvP />
			</Values>
		</Event>
		<Warning>
			<Time>2/13/2025 1:02:41 AM</Time>
			<Message>We are not in Safe Mode</Message>
		</Warning>
		<Event>
			<Time>2/13/2025 1:02:41 AM</Time>
			<Message>The following third-party driver packages are installed on this computer</Message>
			<Values Separator=" = ">
				<KvP>
					<Value>C:\Windows\inf\oem0.inf</Value>
				</KvP>
				<KvP>
					<Key>Provider</Key>
					<Value>Razer Inc</Value>
				</KvP>
				<KvP>
					<Key>Class</Key>
					<Value>HIDClass</Value>
				</KvP>
				<KvP />
				<KvP>
					<Value>C:\Windows\inf\oem1.inf</Value>
				</KvP>
				<KvP>
					<Key>Provider</Key>
					<Value>Razer Inc</Value>
				</KvP>
				<KvP>
					<Key>Class</Key>
					<Value>HIDClass</Value>
				</KvP>
				<KvP />
			</Values>
		</Event>
		<Event>
			<Time>2/13/2025 1:02:48 AM</Time>
			<Message>Trying to disable search for Windows Updates</Message>
			<Values Separator=" : ">
				<KvP>
					<Key>Version</Key>
					<Value>6.4</Value>
				</KvP>
			</Values>
		</Event>
		<Event>
			<Time>2/13/2025 1:02:59 AM</Time>
			<Message>Trying to impersonate the SYSTEM account... SUCCESS !</Message>
			<Values Separator=" : ">
				<KvP>
					<Key>Number of process to check</Key>
					<Value>53</Value>
				</KvP>
				<KvP>
					<Key>Display Driver Uninstaller</Key>
					<Value>Skipping : S-1-5-21-1795187001-776152809-4276559823-1000</Value>
				</KvP>
				<KvP>
					<Key>ApplicationFrameHost</Key>
					<Value>Skipping : S-1-5-21-1795187001-776152809-4276559823-1000</Value>
				</KvP>
				<KvP>
					<Key>svchost</Key>
					<Value>Skipping : S-1-5-21-1795187001-776152809-4276559823-1000</Value>
				</KvP>
				<KvP>
					<Key>MoUsoCoreWorker</Key>
					<Value>S-1-5-18</Value>
				</KvP>
				<KvP>
					<Key>MoUsoCoreWorker</Key>
					<Value>SYSTEM account impersonalisation SUCCESS</Value>
				</KvP>
			</Values>
		</Event>
		<Event>
			<Time>2/13/2025 1:02:59 AM</Time>
			<Message>Reverting the Impersonalisation is successful !</Message>
		</Event>
		<Event>
			<Time>2/13/2025 1:03:08 AM</Time>
			<Message>&gt;&gt; Successfully saved log to file!</Message>
		</Event>
	</LogEntries>
</DisplayDriverUninstaller>