﻿<?xml version="1.0" encoding="utf-8"?>
<DisplayDriverUninstaller Version="18.0.9.1">
	<LogEntries>
		<Event>
			<Time>2/16/2025 3:24:46 PM</Time>
			<Message>The following paths are detected.</Message>
			<Values Separator=" = ">
				<KvP>
					<Key>[Found] AppExeFile</Key>
					<Value>D:\merciless\Op2. Display Driver Uninstaller\DDU v18.0.9.1\Display Driver Uninstaller.exe</Value>
				</KvP>
				<KvP>
					<Key>[Found] AppBase</Key>
					<Value>D:\merciless\Op2. Display Driver Uninstaller\DDU v18.0.9.1\</Value>
				</KvP>
				<KvP>
					<Key>[Found] Settings</Key>
					<Value>D:\merciless\Op2. Display Driver Uninstaller\DDU v18.0.9.1\Settings\</Value>
				</KvP>
				<KvP>
					<Key>[Found] Logs</Key>
					<Value>D:\merciless\Op2. Display Driver Uninstaller\DDU v18.0.9.1\DDU Logs\</Value>
				</KvP>
				<KvP>
					<Key>[Found] Language</Key>
					<Value>D:\merciless\Op2. Display Driver Uninstaller\DDU v18.0.9.1\Settings\Languages\</Value>
				</KvP>
				<KvP />
				<KvP>
					<Key>[Found] ProgramFiles</Key>
					<Value>C:\Program Files\</Value>
				</KvP>
				<KvP>
					<Key>[Found] ProgramFilesx86</Key>
					<Value>C:\Program Files (x86)\</Value>
				</KvP>
				<KvP />
				<KvP>
					<Key>[Found] Roaming</Key>
					<Value>C:\ProgramData\</Value>
				</KvP>
				<KvP>
					<Key>[Not found] AppBaseRoaming</Key>
					<Value>C:\ProgramData\DisplayDriverUninstaller\</Value>
				</KvP>
				<KvP />
				<KvP>
					<Key>[Found] SystemDrive</Key>
					<Value>C:\</Value>
				</KvP>
				<KvP>
					<Key>[Found] WinDir</Key>
					<Value>C:\Windows\</Value>
				</KvP>
				<KvP>
					<Key>[Found] UserPath</Key>
					<Value>C:\Users\</Value>
				</KvP>
				<KvP>
					<Key>[Found] System32</Key>
					<Value>C:\Windows\system32\</Value>
				</KvP>
				<KvP>
					<Key>[Found] SysWOW64</Key>
					<Value>C:\Windows\SysWOW64\</Value>
				</KvP>
			</Values>
		</Event>
		<Event>
			<Time>2/16/2025 3:24:56 PM</Time>
			<Message>System Information</Message>
			<Values Separator=" : ">
				<KvP>
					<Key>DDU Version</Key>
					<Value>18.0.9.1</Value>
				</KvP>
				<KvP>
					<Key>OS</Key>
					<Value>Windows 10</Value>
				</KvP>
				<KvP>
					<Key>Win 10 1809+ ?</Key>
					<Value>True</Value>
				</KvP>
				<KvP>
					<Key>Architecture</Key>
					<Value>x64</Value>
				</KvP>
				<KvP>
					<Key>UserRights</Key>
					<Value>Admin</Value>
				</KvP>
				<KvP>
					<Key>Arguments</Key>
					<Value>&lt;empty&gt;</Value>
				</KvP>
				<KvP />
				<KvP>
					<Key>GPU #0000</Key>
					<Value>Microsoft Basic Display Adapter</Value>
				</KvP>
				<KvP>
					<Key>GPU DeviceID</Key>
					<Value>PCI\CC_0300</Value>
				</KvP>
				<KvP>
					<Key>Vbios</Key>
					<Value>Oracle VM.VirtualBox.VBE.Adapte</Value>
				</KvP>
				<KvP>
					<Key>Detected Driver(s) Version(s)</Key>
					<Value>10.0.19041.3636</Value>
				</KvP>
				<KvP>
					<Key>INF name</Key>
					<Value>display.inf</Value>
				</KvP>
				<KvP>
					<Key>INF section</Key>
					<Value>MSBDA</Value>
				</KvP>
				<KvP />
				<KvP>
					<Key>GPU #0001</Key>
					<Value>NVIDIA GeForce GTX 1060 3GB</Value>
				</KvP>
				<KvP>
					<Key>GPU DeviceID</Key>
					<Value>pci\ven_10de&amp;dev_1c02</Value>
				</KvP>
				<KvP>
					<Key>Vbios</Key>
					<Value>Version70 26.3f.00.50</Value>
				</KvP>
				<KvP>
					<Key>Detected Driver(s) Version(s)</Key>
					<Value>23.21.13.9135</Value>
				</KvP>
				<KvP>
					<Key>INF name</Key>
					<Value>oem2.inf</Value>
				</KvP>
				<KvP>
					<Key>INF section</Key>
					<Value>Section118</Value>
				</KvP>
				<KvP />
				<KvP>
					<Key>GPU #0002</Key>
					<Value>Microsoft Basic Display Adapter</Value>
				</KvP>
				<KvP>
					<Key>GPU DeviceID</Key>
					<Value>PCI\CC_0300</Value>
				</KvP>
				<KvP>
					<Key>Vbios</Key>
					<Value>óî</Value>
				</KvP>
				<KvP>
					<Key>Detected Driver(s) Version(s)</Key>
					<Value>10.0.19041.3636</Value>
				</KvP>
				<KvP>
					<Key>INF name</Key>
					<Value>display.inf</Value>
				</KvP>
				<KvP>
					<Key>INF section</Key>
					<Value>MSBDA</Value>
				</KvP>
				<KvP />
			</Values>
		</Event>
		<Warning>
			<Time>2/16/2025 3:24:56 PM</Time>
			<Message>We are not in Safe Mode</Message>
		</Warning>
		<Event>
			<Time>2/16/2025 3:24:56 PM</Time>
			<Message>The following third-party driver packages are installed on this computer</Message>
			<Values Separator=" = ">
				<KvP>
					<Value>C:\Windows\inf\oem0.inf</Value>
				</KvP>
				<KvP>
					<Key>Provider</Key>
					<Value>Razer Inc</Value>
				</KvP>
				<KvP>
					<Key>Class</Key>
					<Value>HIDClass</Value>
				</KvP>
				<KvP />
				<KvP>
					<Value>C:\Windows\inf\oem1.inf</Value>
				</KvP>
				<KvP>
					<Key>Provider</Key>
					<Value>Razer Inc</Value>
				</KvP>
				<KvP>
					<Key>Class</Key>
					<Value>HIDClass</Value>
				</KvP>
				<KvP />
				<KvP>
					<Value>C:\Windows\inf\oem10.inf</Value>
				</KvP>
				<KvP>
					<Key>Provider</Key>
					<Value>Razer Inc</Value>
				</KvP>
				<KvP>
					<Key>Class</Key>
					<Value>HIDClass</Value>
				</KvP>
				<KvP />
				<KvP>
					<Value>C:\Windows\inf\oem11.inf</Value>
				</KvP>
				<KvP>
					<Key>Provider</Key>
					<Value>Razer Inc</Value>
				</KvP>
				<KvP>
					<Key>Class</Key>
					<Value>Keyboard</Value>
				</KvP>
				<KvP />
				<KvP>
					<Value>C:\Windows\inf\oem12.inf</Value>
				</KvP>
				<KvP>
					<Key>Provider</Key>
					<Value>Razer Inc</Value>
				</KvP>
				<KvP>
					<Key>Class</Key>
					<Value>Mouse</Value>
				</KvP>
				<KvP />
				<KvP>
					<Value>C:\Windows\inf\oem13.inf</Value>
				</KvP>
				<KvP>
					<Key>Provider</Key>
					<Value>Famatech</Value>
				</KvP>
				<KvP>
					<Key>Class</Key>
					<Value>Net</Value>
				</KvP>
				<KvP />
				<KvP>
					<Value>C:\Windows\inf\oem2.inf</Value>
				</KvP>
				<KvP>
					<Key>Provider</Key>
					<Value>NVIDIA</Value>
				</KvP>
				<KvP>
					<Key>Class</Key>
					<Value>Display</Value>
				</KvP>
				<KvP />
				<KvP>
					<Value>C:\Windows\inf\oem3.inf</Value>
				</KvP>
				<KvP>
					<Key>Provider</Key>
					<Value>Realtek</Value>
				</KvP>
				<KvP>
					<Key>Class</Key>
					<Value>Net</Value>
				</KvP>
				<KvP />
				<KvP>
					<Value>C:\Windows\inf\oem4.inf</Value>
				</KvP>
				<KvP>
					<Key>Provider</Key>
					<Value>Razer Inc</Value>
				</KvP>
				<KvP>
					<Key>Class</Key>
					<Value>Razer Device</Value>
				</KvP>
				<KvP />
				<KvP>
					<Value>C:\Windows\inf\oem5.inf</Value>
				</KvP>
				<KvP>
					<Key>Provider</Key>
					<Value>Razer Inc</Value>
				</KvP>
				<KvP>
					<Key>Class</Key>
					<Value>HIDClass</Value>
				</KvP>
				<KvP />
				<KvP>
					<Value>C:\Windows\inf\oem6.inf</Value>
				</KvP>
				<KvP>
					<Key>Provider</Key>
					<Value>Razer Inc</Value>
				</KvP>
				<KvP>
					<Key>Class</Key>
					<Value>HIDClass</Value>
				</KvP>
				<KvP />
				<KvP>
					<Value>C:\Windows\inf\oem7.inf</Value>
				</KvP>
				<KvP>
					<Key>Provider</Key>
					<Value>Razer Inc</Value>
				</KvP>
				<KvP>
					<Key>Class</Key>
					<Value>Keyboard</Value>
				</KvP>
				<KvP />
				<KvP>
					<Value>C:\Windows\inf\oem8.inf</Value>
				</KvP>
				<KvP>
					<Key>Provider</Key>
					<Value>Razer Inc</Value>
				</KvP>
				<KvP>
					<Key>Class</Key>
					<Value>Mouse</Value>
				</KvP>
				<KvP />
				<KvP>
					<Value>C:\Windows\inf\oem9.inf</Value>
				</KvP>
				<KvP>
					<Key>Provider</Key>
					<Value>Razer Inc</Value>
				</KvP>
				<KvP>
					<Key>Class</Key>
					<Value>HIDClass</Value>
				</KvP>
				<KvP />
			</Values>
		</Event>
		<Event>
			<Time>2/16/2025 3:24:57 PM</Time>
			<Message>Trying to impersonate the SYSTEM account... SUCCESS !</Message>
			<Values Separator=" : ">
				<KvP>
					<Key>Number of process to check</Key>
					<Value>74</Value>
				</KvP>
				<KvP>
					<Key>steamwebhelper</Key>
					<Value>Skipping : S-1-5-21-1795187001-776152809-4276559823-1000</Value>
				</KvP>
				<KvP>
					<Key>chrome</Key>
					<Value>Skipping : S-1-5-21-1795187001-776152809-4276559823-1000</Value>
				</KvP>
				<KvP>
					<Key>steamwebhelper</Key>
					<Value>Skipping : S-1-5-21-1795187001-776152809-4276559823-1000</Value>
				</KvP>
				<KvP>
					<Key>chrome</Key>
					<Value>Skipping : S-1-5-21-1795187001-776152809-4276559823-1000</Value>
				</KvP>
				<KvP>
					<Key>steamwebhelper</Key>
					<Value>Skipping : S-1-5-21-1795187001-776152809-4276559823-1000</Value>
				</KvP>
				<KvP>
					<Key>chrome</Key>
					<Value>Skipping : S-1-5-21-1795187001-776152809-4276559823-1000</Value>
				</KvP>
				<KvP>
					<Key>svchost</Key>
					<Value>Access is denied</Value>
				</KvP>
				<KvP>
					<Key>NVDisplay.Container</Key>
					<Value>S-1-5-18</Value>
				</KvP>
				<KvP>
					<Key>NVDisplay.Container</Key>
					<Value>SYSTEM account impersonalisation SUCCESS</Value>
				</KvP>
			</Values>
		</Event>
		<Event>
			<Time>2/16/2025 3:24:57 PM</Time>
			<Message>Reverting the Impersonalisation is successful !</Message>
		</Event>
		<Event>
			<Time>2/16/2025 3:25:30 PM</Time>
			<Message>&gt;&gt; Successfully saved log to file!</Message>
		</Event>
	</LogEntries>
</DisplayDriverUninstaller>